<?xml version="1.0" encoding="UTF-8"?>
<project-private xmlns="http://www.netbeans.org/ns/project-private/1">
    <editor-bookmarks xmlns="http://www.netbeans.org/ns/editor-bookmarks/2" lastBookmarkId="0"/>
    <open-files xmlns="http://www.netbeans.org/ns/projectui-open-files/2">
        <group>
            <file>file:/C:/Users/vitor/Documents/NetBeansProjects/InterfaceWeb/web/newjson.json</file>
            <file>file:/C:/Users/vitor/Documents/NetBeansProjects/InterfaceWeb/web/redundancia.html</file>
            <file>file:/C:/Users/vitor/Documents/NetBeansProjects/InterfaceWeb/web/coletor.html</file>
            <file>file:/C:/Users/vitor/Documents/NetBeansProjects/InterfaceWeb/web/index.html</file>
            <file>file:/C:/Users/vitor/Documents/NetBeansProjects/InterfaceWeb/web/poderComp.html</file>
            <file>file:/C:/Users/vitor/Documents/NetBeansProjects/InterfaceWeb/web/default.css</file>
        </group>
    </open-files>
</project-private>
