{
    "nodes":[ 
    {
        "bw":1000000000,
        "name":"h_0_0",
        "storage":10000000,
        "type":"host",
        "mips":4000,
        "pes":8,
        "ram":10240
            
    },
    
    {   
        "bw":1000000000,
        "name":"h_0_1",
        "storage":10000000,
        "type":"host",
        "mips":4000,
        "pes":8,
        "ram":10240
    },
    
    {   
        "bw":1000000000,
        "name":"h_1_0",
        "storage":10000000,
        "type":"host",
        "mips":4000,
        "pes":8,
        "ram":10240
    },
        
    {   
        "bw":1000000000,
        "name":"h_1_1",
        "storage":10000000,
        "type":"host",
        "mips":4000,
        "pes":8,
        "ram":10240
            
    },
        
    {   
        "bw":1000000000,
        "name":"c",
        "iops":1000000000,
        "type":"core"
        
    },
        
    {   
        "bw":1000000000,
        "name":"e0",
        "iops":1000000000,
        "type":"edge"
    },
        
    {   
        "bw":1000000000,
        "name":"e1",
        "iops":1000000000,
        "type":"edge"
    }
    
    ],
    
    "links":[
    {
        "latency":0.1,
        "destination":"e0",
        "source":"c"
    },
        
    {
        "latency":0.1,
        "destination":"h_0_0",
        "source":"e0"
    },
    
    {
        "latency":0.1,
        "destination":"h_0_1",
        "source":"e0"
    },
    
    {   "latency":0.1,
        "destination":"e1",
        "source":"c"
    },
    
    {
        "latency":0.1,
        "destination":"h_1_0",
        "source":"e1"
    },
        
    {
        "latency":0.1,
        "destination":"h_1_1",
        "source":"e1"
    }
    
    ]
}